"Case_ID","Alert_ID","Investigator_ID","Case_Title","Case_Status","Priority","Date_Opened","Date_Closed","Summary","Evidence","Resolution","Created_At","Updated_At"
"1","1","1","Airport ATM Night Withdrawal - Roshaan Rehman","In Progress","High","2024-01-15",NULL,"Reviewing CCTV footage from airport ATM. Customer claims legitimate travel.",NULL,NULL,"2026-06-04 16:56:19","2026-06-04 16:56:19"
"2","2","3","Large Online Transfer Suspicious IP - Sarah Arif","Escalated","Critical","2024-01-15",NULL,"IP traced to foreign VPN server. Unusual destination account.",NULL,NULL,"2026-06-04 16:56:19","2026-06-04 16:56:19"
"3","4","2","Night High-Value ATM - Ayesha Tariq","In Progress","High","2024-01-17",NULL,"Customer contacted. Verifying transaction authenticity.",NULL,NULL,"2026-06-04 16:56:19","2026-06-04 16:56:19"
"4","5","1","Large Transfer Unknown Location - Ayesha Tariq","Closed - Fraud Confirmed","Critical","2024-01-18","2024-01-25","Fraud confirmed. Unauthorized transfer from Ayesha Tariq account.",NULL,"Customer blacklisted. Account frozen. FIR filed.","2026-06-04 16:56:19","2026-06-04 16:56:19"
"5","7","4","Midnight Large ATM Withdrawal - Roshaan Rehman","Open","Critical","2024-01-21",NULL,"ATM location (Hyderabad) does not match customer home city (Karachi). Possibly stolen card.",NULL,NULL,"2026-06-04 16:56:19","2026-06-04 16:56:19"
"6","9","5","VPN Masked Transfer - Sarah Arif","In Progress","High","2024-01-22",NULL,"VPN usage confirmed. Account temporarily restricted pending review.",NULL,NULL,"2026-06-04 16:56:19","2026-06-04 16:56:19"
"7","11","2","Midnight Large Withdrawal - Faisal Mahmood","Open","Critical","2024-01-24",NULL,"ATM at unknown location at midnight. Customer profile mismatch.",NULL,NULL,"2026-06-04 16:56:19","2026-06-04 16:56:19"
"8","13","3","VPN Foreign IP Transfer - Usman Ghani","In Progress","Critical","2024-01-25",NULL,"Foreign IP detected. Transfer to unregistered account. Cyber fraud suspected.",NULL,NULL,"2026-06-04 16:56:19","2026-06-04 16:56:19"
"9","15","1","Massive Suspicious Transfer - Tariq Butt","Open","Critical","2024-01-27",NULL,"PKR 750,000 transfer at 03:00 from VPN/masked location. Highest risk score in system.",NULL,NULL,"2026-06-04 16:56:19","2026-06-04 16:56:19"
